userName,firstName,lastName,password
dfissenden0@storify.com,Dehlia,Fissenden,jJ9#$S@ydbj
jsabben1@wordpress.com,Jehu,Sabben,kZ8!@FJPLBa7d/#k
bscoles2@springer.com,Boyce,Scoles,zM1*ZPER9TCm
sbortolotti3@digg.com,Stanly,Bortolotti,mH0{BsfSMy{
crazzell4@engadget.com,Colly,Razzell,fY2)UlCYA4
rduck5@sakura.ne.jp,Rhodia,Duck,dG1<vMYJs
equartermain6@census.gov,Elmer,Quartermain,jD8+RpbT
smartignon7@amazon.de,Sacha,Martignon,kX7$gM$WEH
cmaunder8@alexa.com,Chelsy,Maunder,eH2=nAseA
slearman9@unc.edu,Sayer,Learman,rJ4&LK#$%wxNxka
cpepia@auda.org.au,Carmencita,Pepi,"vS8>+,}!4)=Q<xE"
esapenab@topsy.com,Ebenezer,Sapena,"wC3!So4,*>Dbi6zX"
cdequesnec@joomla.org,Crin,de Quesne,rJ3|Dnqx$f
abrownbilld@hc360.com,Adams,Brownbill,oI5.)>J9%$)
salennikove@europa.eu,Skell,Alennikov,qG2`}o(8A8
socrevanf@cmu.edu,Sarena,O'Crevan,qI3|YS>*OA
gfardyg@wordpress.org,Geno,Fardy,oZ0|EllCnX}Ml$1%
rcayeth@tiny.cc,Ricky,Cayet,uA3`{kSl1eT(0jW
gforrestori@weather.com,Goober,Forrestor,aR5+C+fr/DD*K*
tparcellj@symantec.com,Tabby,Parcell,lN4?J+C<#7)Z*m
aredfearnk@wunderground.com,Adelaide,Redfearn,uD7<3s%Q(DEi61KV
mdressell@unblog.fr,Munroe,Dressel,iD7/a%@+ZDoed
grandellm@cyberchimps.com,Gilligan,Randell,aG4}F!2{u$
ahardemann@cocolog-nifty.com,Ainslee,Hardeman,gQ6!5v{v
fbudgeono@vimeo.com,Franky,Budgeon,kN3!&a?+LESyNTQT
hanneyp@naver.com,Harman,Anney,vI1>Qk|/
rruddimanq@thetimes.co.uk,Richy,Ruddiman,tB3/tx0g&AW
pchivrallr@tuttocitta.it,Phillie,Chivrall,mZ7#Mx4=i}~4vw
iogormans@mlb.com,Isa,O'Gorman,jV1?QI(D!&N$i'
tkinlockt@sfgate.com,Tomasine,Kinlock,cH7<YV*0S$x{
awooderu@bravesites.com,Atalanta,Wooder,bQ8.e%I=<a7
glarrettv@unicef.org,Gray,Larrett,uX2@d>%bI4wIRbY<
mhopferw@si.edu,Maurene,Hopfer,wM7(_0K=
rcarex@cloudflare.com,Roxanne,Care,dE0~aO}z>no(
lumany@cnn.com,Lanette,Uman,bB2_Scu&$1q
cspringz@pcworld.com,Chiquita,Spring,oJ5>aqUXVMTN
jclashe10@accuweather.com,Josephine,Clashe,qG0\n+0eGtKyy}_q
awainscot11@usda.gov,Alphonse,Wainscot,bK5?(H&cOZo!B
sosipenko12@a8.net,Steven,Osipenko,"zM9#eLl""T4O"""
dstocking13@artisteer.com,Darin,Stocking,nZ4+j0y33|ufydq
lmillimoe14@ftc.gov,Lilly,Millimoe,xW7$\MQ.R*
pwerrett15@psu.edu,Port,Werrett,rE6#\blN654ZLV
gzylberdik16@skyrock.com,Gabriell,Zylberdik,"rG7_,1I=2iXR}4Of"
cjodrellec17@delicious.com,Cazzie,Jodrellec,"kP9`+48J>""e5X$"
rattenborough18@friendfeed.com,Ryley,Attenborough,gI3#~I`bP3noHV
astollery19@whitehouse.gov,Andrus,Stollery,uY1\1zzQxqQeWn
acockerell1a@mtv.com,Arlena,Cockerell,"yT2@Zm=Ll0|uK"""
bgodly1b@webmd.com,Brodie,Godly,aS3$Bhg<aEYMhS
cralston1c@mapquest.com,Casey,Ralston,lS8&KHI1?O*q
lsilver1d@sohu.com,Lorilee,Silver,fF7*p&fu8p&fn
cyuryev1e@cbslocal.com,Clara,Yuryev,"qG2""Kt_v~Fr>E"
wgaw1f@springer.com,Waylan,Gaw,zB2\%eSC
cofogarty1g@cdc.gov,Carissa,O'Fogarty,tD6>XPR{U7+
tklimaszewski1h@lulu.com,Torey,Klimaszewski,qS7!==L2F~N.r#c
vblackaller1i@tuttocitta.it,Vicki,Blackaller,uL1#`6@YDs
cmarham1j@list-manage.com,Corbett,Marham,"hE3#""!.kF>"
ewindle1k@apple.com,Edvard,Windle,uA8<e1wxK{DxDWxz
tnunson1l@discuz.net,Trever,Nunson,tH5*R7@!`Z
ckenway1m@shareasale.com,Camala,Kenway,cD4$(d'||1W/}v
rcarnow1n@spiegel.de,Ramon,Carnow,qO8>.x+Pi'~
jsanches1o@gmpg.org,Jojo,Sanches,zD6(>pK2WG$9gyJE
ncorless1p@slashdot.org,Netti,Corless,"nL7}|f$A*{2t""rb#"
ogulleford1q@google.co.uk,Orlan,Gulleford,"hS7,*kELe"
ktomek1r@forbes.com,Keenan,Tomek,nW5&HTZZTsn+4A_F
lmulliss1s@dmoz.org,Lillis,Mulliss,"mV7>bC!{8n""D00GW"
evilla1t@scribd.com,Erie,Villa,hO5+yU>a}2Iw3.
mlambis1u@jiathis.com,Moss,Lambis,"pS3""+Obu6R"
thumbee1v@yahoo.co.jp,Teddie,Humbee,"eU7,0?YiA"
jparnham1w@biblegateway.com,Janetta,Parnham,uW1@F{'a6*{NLd
edingley1x@mapy.cz,Emilio,Dingley,bF5#O`FUScT>
criddle1y@dailymotion.com,Cati,Riddle,rY8?zY##
khorbart1z@miibeian.gov.cn,Kliment,Horbart,"dV5>,$(ZdkP6TuP"
kkeays20@nasa.gov,Karoly,Keays,pU4~=T7vJs)l
nrudolf21@dailymail.co.uk,Natty,Rudolf,"tX4?hq2,AN0Y$R"
klangford22@joomla.org,Kirby,Langford,yN2!rE4nRTuH
awesthofer23@newyorker.com,Asher,Westhofer,"hU2?wOJF{`$""|bZ"
ppes24@acquirethisname.com,Peadar,Pes,"yB4+CNNP_QL""h}CC"
iszabo25@china.com.cn,Inga,Szabo,"tL7,_nx/1o~QDRB"
dtindley26@utexas.edu,Delphine,Tindley,"yT9""vrgD><Y"
tkinnoch27@cnbc.com,Thorpe,Kinnoch,"gU9,Wwf>sEdZym`&"
lmccowan28@google.nl,Lawrence,McCowan,"gE8""y@r~Ly7ZsP"
cgoodread29@answers.com,Cate,Goodread,"kQ6""fuLX~zL1GyK"
larndell2a@adobe.com,Linette,Arndell,kJ9/l5ZL0
fwardale2b@springer.com,Ferdy,Wardale,"sI4',AF("
sburgoin2c@shareasale.com,Sorcha,Burgoin,mR0`}cKqtFLl.V
bchapleo2d@dion.ne.jp,Blinnie,Chapleo,yV9=&0w0U4bUEg7
hgrinyer2e@theatlantic.com,Harold,Grinyer,lK2<L`=r
lniland2f@intel.com,Lindy,Niland,nM0=SS)UTzSeYSh4
eorgee2g@usgs.gov,Emily,Orgee,pQ9>?KM1
nbeardsley2h@wired.com,Nichole,Beardsley,"iO2,zbPR7qAn"
mjost2i@weebly.com,Morgan,Jost,vN6\0~dh=
adowbekin2j@typepad.com,Auroora,Dowbekin,qH0'N2E0K.
schestnut2k@furl.net,Stafani,Chestnut,"dD7!MT|,H"
jfisby2l@cloudflare.com,Joaquin,Fisby,eZ3')'N=kpCJ3Dw`
scasellas2m@wikipedia.org,Sena,Casellas,rJ7/!r##
mniccols2n@ed.gov,Merrill,Niccols,xJ1{C&%o'Ps
mprendergrast2o@epa.gov,Megan,Prendergrast,iJ4_P}L`=Ie$
galaway2p@virginia.edu,Gerti,Alaway,vD4@p7iR0UGw%
pmagor2q@weibo.com,Prudi,Magor,aZ3#Tf*bK=b#
sbottby2r@nydailynews.com,Sargent,Bottby,"qO7@1|,vf"
ihum2s@opensource.org,Isiahi,Hum,hN0&p3&Mr#wQI
kminister2t@yahoo.com,Krista,Minister,yO9`)dWL
ltaillant2u@huffingtonpost.com,Lemmy,Taillant,tE8<S6B5SU/zZ
ndupree2v@netvibes.com,Nestor,Dupree,pP1{nn}7
kbirdwhistell2w@opensource.org,Kelley,Birdwhistell,wT4+W~wptpnZ3
jturtle2x@indiegogo.com,Jonis,Turtle,eV0$`@%ah`Dp
rarendsen2y@princeton.edu,Reinold,Arendsen,"uM2~`5P~r~qh,=Cf"
dwinear2z@themeforest.net,Decca,Winear,wA4\\L{M`mdD
tdoree30@youku.com,Tommy,Doree,cD4&*#&/
sblandamere31@pcworld.com,Shauna,Blandamere,"zK2,/n4_!}sCk8L"
delwyn32@dropbox.com,Demetria,Elwyn,"dR8""T8~Cjz"
bbritzius33@mozilla.com,Beatrisa,Britzius,qS5/fY#zj'@s
kcapron34@about.com,Kerrill,Capron,qS6/ouSx{Ip#1
aandrault35@fda.gov,Agatha,Andrault,aC0*TWI>X
agiannoni36@jigsy.com,Alaine,Giannoni,gW4+UH7I
ababon37@histats.com,Avrit,Babon,vR3*cZ}H
ddollard38@linkedin.com,Denice,Dollard,vJ5(YET?$J_u<u31
clilywhite39@quantcast.com,Che,Lilywhite,"dQ3&71,?"
eharragin3a@github.io,Evan,Harragin,rZ5)KF5F
mivins3b@howstuffworks.com,Marsiella,Ivins,lO7=wks!FFWF=
dgrieve3c@storify.com,Della,Grieve,jT8}\g9K|%F
dcopcott3d@cnn.com,Doralin,Copcott,mB0_v|K#}O|V!>2
ipleven3e@sciencedirect.com,Ivonne,Pleven,"yB3%QD""SJ#"
ljosephi3f@bluehost.com,Lynne,Josephi,uT1&)hO#.r}|#9
josbiston3g@zdnet.com,Jerry,Osbiston,"gK4_73,=N&~H"
acrellin3h@wisc.edu,Aubine,Crellin,zP3*7{'VKF
lbrittle3i@state.gov,Laina,Brittle,dQ8/1IF%IrD2f
sbovis3j@geocities.com,Sebastien,Bovis,eX7?5e!(}>{CF
aklebes3k@ow.ly,Ashley,Klebes,vN5}ATv(|)rmA
fcastaneda3l@columbia.edu,Fidel,Castaneda,tA8&yL}cv
dsuddick3m@cocolog-nifty.com,Derron,Suddick,"fQ1&,@h>Ce#d'"
astripp3n@purevolume.com,Aile,Stripp,jO2~zrbu3
cholde3o@51.la,Cloe,Holde,dS1$chgRs
jgazey3p@usda.gov,Jerad,Gazey,"uI1""F1<r"
agready3q@tinyurl.com,Abbye,Gready,"zZ0""pUXRjg}"
hshelsher3r@unc.edu,Hedda,Shelsher,mZ9.rt!AY
ksellan3s@deviantart.com,Kev,Sellan,dP2#Q.MMH\9
dfrosdick3t@comcast.net,Dolli,Frosdick,tS5}dX&/'V=2
tmenzies3u@yale.edu,Tuesday,Menzies,gA3$CxeUUl
sswigger3v@twitter.com,Sharity,Swigger,cW1@cyBvSJzniwf
jrodson3w@mayoclinic.com,Jules,Rodson,lY4$*>.uYE6g\9&
gdionisio3x@arizona.edu,Giovanni,Dionisio,xW6@N)tYKND|W5W
wthoumasson3y@vk.com,Willi,Thoumasson,"oC1,x5=e_1A"
mmaslen3z@wisc.edu,Myrle,Maslen,oL3>Nlx@
cprescott40@sphinn.com,Clarine,Prescott,"nK5@yW{""kwF$w_w"
vbrent41@goo.ne.jp,Vinnie,Brent,hN3%nGlra7g#JxZR
tdoughartie42@cnet.com,Tucker,Doughartie,"qB0`vJ|?%7q""V_\"
anucci43@forbes.com,Asher,Nucci,eN5|4hqp}l
mfricker44@cmu.edu,Mellie,Fricker,mV5+#}AV~I\uE
dpotkin45@weibo.com,Darsey,Potkin,tQ2_QJgniq!7
lmenere46@yellowbook.com,Laurie,Menere,fY5*d<uUO
rearl47@newyorker.com,Rubi,Earl,xZ4)\(%}@3S)
aborlease48@cdc.gov,Aurel,Borlease,wK8>nYlXj*wJRkA
wsandham49@hud.gov,Winfield,Sandham,"vF7'n~&ARv0i!"""
babdy4a@livejournal.com,Breena,Abdy,iJ8&7CIJ$<
jcristofol4b@aol.com,Jacques,Cristofol,iN8!_Zzf.e
fjanu4c@thetimes.co.uk,Fredi,Janu,fI5%MxUPCB
jdurie4d@wikimedia.org,Juliet,Durie,iO5$NooPahiu
bklesel4e@ow.ly,Barbey,Klesel,iU9`KTZN$WLO
sdrains4f@nationalgeographic.com,Selene,Drains,"vJ2""V0VPS)j"
kbritto4g@goo.ne.jp,Kassey,Britto,gF0&1fKD$
nhastelow4h@shop-pro.jp,Nydia,Hastelow,sW2_wWqlA
doels4i@phoca.cz,Danni,Oels,zP6{dw#gWr\
thannent4j@fc2.com,Teddi,Hannent,mG8!2).DrrreL.H}
wberling4k@booking.com,Wye,Berling,yK6>zw)BPiI
kmacgill4l@gravatar.com,Karalynn,MacGill,yS9.O#hG(O%UNxqs
apaulmann4m@skyrock.com,Astrid,Paulmann,cQ4}3crSfXdYm
ccrangle4n@utexas.edu,Clarissa,Crangle,bV6&zu`fu5
srodgers4o@ezinearticles.com,Sayre,Rodgers,nR2\'=hF_
gchavey4p@mail.ru,Georgina,Chavey,"aO2>@/S""8Ny"
hateggart4q@forbes.com,Haslett,Ateggart,iA2.i&?%Agicg%
gthunnercliff4r@w3.org,Giacobo,Thunnercliff,mN5}b5ZG)fukq
jhayer4s@google.it,Jaime,Hayer,iQ2}8be.?cE?0~
rwyndham4t@odnoklassniki.ru,Reuven,Wyndham,"aO2\<UaIt#0Mt,_m"
pgilli4u@nationalgeographic.com,Paulie,Gilli,"mM2|""Ys*5'Pwa5"
ebrunicke4v@hexun.com,Emmery,Brunicke,wU2<zqr\
cwalicki4w@answers.com,Carmina,Walicki,"iX9,.gh}crn"
sguise4x@japanpost.jp,Savina,Guise,qQ5/91k%LM
dcadalleder4y@behance.net,Doris,Cadalleder,kX3?.CsEZ
fgreengrass4z@statcounter.com,Frederica,Greengrass,vS7%ON|M
rcurtiss50@jiathis.com,Raine,Curtiss,cF0#=S=o3efi6%
rlavis51@fema.gov,Regan,Lavis,zT2|eYYb
aplastow52@miitbeian.gov.cn,Ailsun,Plastow,mL5.qemc$.0n
sgaynsford53@friendfeed.com,Sheilakathryn,Gaynsford,aN4%/>s4XU@i
ubiles54@mysql.com,Ulric,Biles,nF8?o0!.R0hur'{2
glillicrap55@fc2.com,Grantley,Lillicrap,"zZ2(Pe""BF"
vcalabry56@canalblog.com,Valry,Calabry,fJ0$#yA04)Vu%sBZ
wfadian57@about.me,Worth,Fadian,fE1/~L9W0
lhughlin58@slideshare.net,Lindsey,Hughlin,lM3%L6}|1/M9N2X
msustin59@google.co.jp,Marsiella,Sustin,eG1_ZR(OUoHO
erolfe5a@ning.com,Etta,Rolfe,fB8\eQsNx)(!x
cbatson5b@uol.com.br,Caty,Batson,fK0`tOt>
dbendare5c@disqus.com,Donica,Bendare,hO8?lk5MPxtAo
chazeldine5d@timesonline.co.uk,Cybil,Hazeldine,gR7$5iT*V
oraper5e@ox.ac.uk,Orson,Raper,"eB9,Gwend"
bwilmot5f@paypal.com,Billie,Wilmot,kY1&#gMiq~wymZ(R
aalfonsini5g@ft.com,Albrecht,Alfonsini,"pW1|8s<,#|cgtjiB"
tdruhan5h@amazon.co.uk,Tommy,Druhan,iE5}}=FY?D
bepinoy5i@statcounter.com,Brook,Epinoy,"bZ8<sEX""*GlVqy"
epaskell5j@nih.gov,Elmo,Paskell,iY3_Qt&Q{U3M
rbradnocke5k@washingtonpost.com,Rayshell,Bradnocke,yY0%T_w+sdTGV
sjoskowicz5l@illinois.edu,Suzanne,Joskowicz,cP5/.pJW9hfWCFC
ehailes5m@washington.edu,Emmalyn,Hailes,"fN8/d,958p.}c.d"
kfulton5n@imageshack.us,Kermie,Fulton,"tA9""pCWGLZGF8*>a"
epatey5o@unblog.fr,Edna,Patey,fW7_&ic6
ugrinikhinov5p@miitbeian.gov.cn,Ursulina,Grinikhinov,kB9!TUmM*v/OD
lfrew5q@sohu.com,Letizia,Frew,dZ2(dxK}y
jpetyt5r@oakley.com,Jamison,Petyt,"cP8{jD!40&DT,jVQ"
lstrowther5s@wunderground.com,Lilllie,Strowther,yK2&%Nu+~
tminico5t@oaic.gov.au,Tades,Minico,jF3!!~'JBNOoa
wrough5u@virginia.edu,Walther,Rough,"tL9,?yi0_.bh"
kledward5v@issuu.com,Krystle,Ledward,lV8?GMi_Q
ssheavills5w@yelp.com,Shermy,Sheavills,zG8\>!&ytV3MY_c
lvermer5x@cloudflare.com,Latia,Vermer,mQ1!.aY)j~
mhubner5y@bing.com,Margarette,Hubner,cZ8!o9!d7A'c!#
lstickford5z@dyndns.org,Lucia,Stickford,"dA4""~,Os(BMV"
lmaryet60@ftc.gov,Lawry,Maryet,rD6))~/QOcQ$cM
wcawdell61@mit.edu,Wolfie,Cawdell,"tF0?U5J.zh""cZ`vz"
jmudge62@howstuffworks.com,Janeen,Mudge,"uS0\""""!)FTn0<f"
sbazoche63@google.it,Simeon,Bazoche,lN8}FMP=EF
gskase64@walmart.com,Gunther,Skase,cN8.W0F>FL''F{G.
cmcgeechan65@google.com.au,Cristy,McGeechan,nN8*Q0BG(
lclines66@army.mil,Ly,Clines,jR4|rv2%pj!Sl@w
crallinshaw67@icio.us,Cristen,Rallinshaw,xF2_LJZX(5
lbagott68@prnewswire.com,Lula,Bagott,"sJ2?Kk""$B"
ebibby69@pinterest.com,Elly,Bibby,dO0!b=k&95}
kpering6a@cbslocal.com,Karlyn,Pering,rU2*~sH8
dduprey6b@pagesperso-orange.fr,Davon,Duprey,hO0#a#U~Ir_F?<
dnormanton6c@statcounter.com,Don,Normanton,oD0.h6MOjl+4E
lplewes6d@yandex.ru,Lorelle,Plewes,"tJ0*""xVlramc\(M"
mfost6e@google.co.uk,Mortie,Fost,wX4'x|LR\O
eoregan6f@elegantthemes.com,Ellene,O'Regan,wH0$/Au&a>Ow!NRl
agreenshiels6g@123-reg.co.uk,Aldrich,Greenshiels,iZ3/*W=~OI
vgosby6h@mit.edu,Verge,Gosby,xH6%wgJ++D(=qbr
lgiraudel6i@gizmodo.com,Luisa,Giraudel,uC0\8&Iy
emckniely6j@is.gd,Eveline,McKniely,vP3|Lr)_ip2
mbricknell6k@amazon.de,Maryellen,Bricknell,uD1$~oN0#A
ssilverstone6l@deliciousdays.com,Shurlocke,Silverstone,jN8+Q%)g?$eWm3K
ldayborne6m@globo.com,Loraine,Dayborne,xQ4).U=Hls}.
gfarress6n@livejournal.com,Geordie,Farress,yH5*?alcsk
plucia6o@blog.com,Phillida,Lucia,kE7(kp+Zu#c5b
churford6p@hostgator.com,Clyde,Hurford,bN3@s##j
aalonso6q@prnewswire.com,Amitie,Alonso,"gA4<C""f6Gu53?"
sballard6r@paginegialle.it,Sauncho,Ballard,"lB5@N,0klDj*8v"
vgatherer6s@sun.com,Vyky,Gatherer,fY5@>Wpi3
sgornal6t@admin.ch,Sonnie,Gornal,"nD4""f(SU"
rbesson6u@wikispaces.com,Roxana,Besson,dT1&x'i2VWE1j
lpetran6v@altervista.org,Larissa,Petran,xV8>J$S&%K6VC
bmichele6w@unicef.org,Betsey,Michele,gZ8`p+@&
mdownes6x@ca.gov,Micheil,Downes,cL1./)T`
ltarquinio6y@php.net,Lorry,Tarquinio,cQ4*87_q%W{
cdyke6z@t-online.de,Chilton,Dyke,gK4}9TAap?\.i
dussher70@edublogs.org,Dare,Ussher,cD3?z1AS\
zboxhall71@bing.com,Zahara,Boxhall,"iM7""&!tEvY"
skenforth72@youtube.com,Shelley,Kenforth,nH7<CT(jofOd6d&r
rgoldsmith73@ow.ly,Romola,Goldsmith,xH7{fgQxi_P2zoMT
pabraham74@mit.edu,Padgett,Abraham,uK5\s$qb?fc=L
cduckham75@trellian.com,Clay,Duckham,vK4{'+d=Jxx
jgulston76@godaddy.com,Justina,Gulston,dW5~1bK6MgUG$
ydhooge77@macromedia.com,Yetta,D'Hooge,"lF9`M""*S`h"
spargiter78@ft.com,Sallyann,Pargiter,nU2&|v1aJ
hskett79@quantcast.com,Harlan,Skett,dW5$N_mn'
greisenstein7a@ocn.ne.jp,Gerri,Reisenstein,hO6?}Y37
adunks7b@princeton.edu,Auberta,Dunks,qQ9!Y\L&O2
lmilbank7c@wired.com,Levi,Milbank,fA0'~f'kA?'C
dduberry7d@360.cn,Devin,Duberry,"dA4""*TG<52ifUu'~"
gmarchent7e@dyndns.org,Gregory,Marchent,oC7\n'V9NY6|I
ccazin7f@1und1.de,Cchaddie,Cazin,mC7@pX.}iNYsKRm
atolley7g@nationalgeographic.com,Aindrea,Tolley,oY8~??l*XDP
gethington7h@google.cn,Glory,Ethington,pL3#xVY)yTZ
lapedaile7i@oaic.gov.au,Lombard,Apedaile,nI9&#j#!h3\2
wdevil7j@mozilla.org,Welby,Devil,uX7*|Gm>}WNHXrz0
ctrebble7k@infoseek.co.jp,Catlaina,Trebble,yD4'+zc*hnW9
tbroadwell7l@businessinsider.com,Trenna,Broadwell,yP6#y+!!G%P
alibero7m@springer.com,Alyss,Libero,lG7=2fhZ+$TWTVL)
nfernanando7n@yellowpages.com,Nancey,Fernanando,"sC3)P!c""|Lq("
eplummer7o@hp.com,Elfie,Plummer,yW7'uP?$88FuOM)
sstanion7p@jigsy.com,Sileas,Stanion,kL6%/TRc
mbleakley7q@ca.gov,Marnia,Bleakley,nZ0'u<CRy
mhafford7r@microsoft.com,Marillin,Hafford,dO9*>5ww
slauritsen7s@ifeng.com,Stephine,Lauritsen,wU5~UAuI
rwoolham7t@cbslocal.com,Rolland,Woolham,uV6.p2d%V
sdaout7u@networksolutions.com,Stefan,Daout,xO4`7hus
lwellsman7v@reverbnation.com,Lark,Wellsman,sP3=H9zL(2\
pjosskowitz7w@homestead.com,Portie,Josskowitz,zB9'P4YIML0w*)Oo
iheninghem7x@github.com,Iona,Heninghem,vG0(F}3nTdM
hcrutcher7y@google.es,Hank,Crutcher,"uN5#4A,qzu970"
fguilbert7z@theguardian.com,Ferdinand,Guilbert,gJ8?>iq\A2~(#UO$
mwheeler80@gnu.org,Miriam,Wheeler,aW5|A!U=wiZOd
mhammersley81@pinterest.com,Michaela,Hammersley,jO9.4jWgHo$G2=
ccarlozzi82@indiatimes.com,Carolyn,Carlozzi,nX0%8)}}Z
jmcvane83@blogger.com,Jenny,McVane,uH4/oqupdi61#>)@
cfilochov84@msn.com,Clayborn,Filochov,"jN9,gK)6&C"
lhockell85@state.gov,Lea,Hockell,qC2&T9(hT\%!do
shawgood86@ovh.net,Shae,Hawgood,uM9%F/4Cdy/Nj+
fmadre87@mysql.com,Falkner,Madre,zG2*2*P.
ebaldick88@zimbio.com,Eleonore,Baldick,"cQ5!Y\'D,a"""
ksimonazzi89@vinaora.com,Knox,Simonazzi,"zT8/""zCgFn_5"
dhelsdon8a@psu.edu,Darren,Helsdon,yH5~LrcoBRdBB
sgribbins8b@aol.com,Susan,Gribbins,"iB6?""<_w?f"
gocahey8c@cmu.edu,Garey,O'Cahey,"pF4,+a7R"
oblissitt8d@ihg.com,Olivette,Blissitt,"iN6/&7\_b<y"""
dcorbett8e@feedburner.com,Denni,Corbett,"xC9""PXmq.OAP"
jcrepin8f@topsy.com,Johnette,Crepin,qP3<6L?PgHm
tbond8g@umn.edu,Thedrick,Bond,pU9@cR)sT5FnNm
rrimer8h@slideshare.net,Raimund,Rimer,kX8$Fa?&Sq9rBR
ehame8i@xinhuanet.com,Elsey,Hame,zR3__7=YloT$jzt+
amaggillandreis8j@joomla.org,Ambros,Maggill'Andreis,fD8!lpW)>oa(
jjillions8k@loc.gov,Jesus,Jillions,mQ1!o_\tg~~eP
omadgin8l@rakuten.co.jp,Osmond,Madgin,nX5.s8mI(ZR9@
lmedford8m@reuters.com,Leonie,Medford,aZ6?CDlj=
jdomenc8n@howstuffworks.com,Jobye,Domenc,wK5+}ODNX`{@x
lhaslegrave8o@usda.gov,Lorry,Haslegrave,xP2)HI6@Lf
raindriu8p@pinterest.com,Robinet,Aindriu,"zO1$Ka""a"
tbarrett8q@cbc.ca,Tammie,Barrett,iD9'=sk&Y
msketchley8r@g.co,Michal,Sketchley,aR2+o4}IM4
crichen8s@goo.ne.jp,Claiborne,Richen,yV1\!@AVyON*4PQ8
tbaumber8t@wordpress.org,Tam,Baumber,"cQ8,Qw4f!Xm"
kberni8u@linkedin.com,Keelby,Berni,nY5`t<Sqb)
rfarrent8v@hugedomains.com,Raynard,Farrent,"yL0%,J*B>pM<`="
hsapson8w@mapquest.com,Homer,Sapson,"yP4}I0k""""kPL/"
hmcateer8x@nydailynews.com,Hussein,McAteer,"gN2~<,5o2EOy,"
sguerola8y@mozilla.org,Scarlett,Guerola,"hT8""&Ij7"
bstanistreet8z@cpanel.net,Braden,Stanistreet,"pZ6#k""Jojpy$Q/"
ebligh90@mozilla.com,Ennis,Bligh,jZ9`eSC_(
tmckechnie91@vk.com,Tanhya,McKechnie,zB2<P4mi
atuppeny92@devhub.com,Ash,Tuppeny,"gP5/3>0pXoO,y+>0"
cofallon93@hp.com,Caresa,O'Fallon,lF9`.g4eMzvif4
edimblebee94@blinklist.com,Everett,Dimblebee,nX7\Tg6avA_lE
lgilogly95@java.com,Liam,Gilogly,"kY5}!LUj@,7/"
fwondraschek96@hubpages.com,Francisca,Wondraschek,oO7!@j=3EIpa*b
mlindenman97@slashdot.org,Marta,Lindenman,jM4?U0<R~y*rTOl&
adellascala98@ucsd.edu,Andy,Della Scala,"zW3""@j2Nn"
btanswell99@sakura.ne.jp,Berget,Tanswell,yV3!CCk=JmKK
cmaddin9a@paypal.com,Cherish,Maddin,pG6/'Fu?\
vgreenacre9b@google.it,Vivianne,Greenacre,fQ9!WmnCX
sskaid9c@craigslist.org,Sophey,Skaid,vA4+ISvS
cbaty9d@homestead.com,Catlin,Baty,"cO6""_C}f|2"
mmccully9e@g.co,Mikkel,McCully,wB2.)sB/a
rvinck9f@yahoo.com,Rebecca,Vinck,fS9.uAe<
obastable9g@sciencedirect.com,Olimpia,Bastable,mH7`pRTi<9iY}
skeepe9h@mit.edu,Sacha,Keepe,oG5)9PG/)
lspringall9i@springer.com,Lia,Springall,"zN3""+<FBG)$"
elutsch9j@angelfire.com,Elsworth,Lutsch,xO1>Z#JwP
ktrafford9k@baidu.com,Kelcey,Trafford,"oX9%v=Z""%"
edederick9l@irs.gov,Elysee,Dederick,iY0&.b_|H
rlarrosa9m@hud.gov,Regen,Larrosa,kB9{76*JS?x
dcattrall9n@yellowbook.com,Delinda,Cattrall,"fH3""nhN{"
mfisher9o@so-net.ne.jp,Moises,Fisher,"aL5@Uc.G""%""&BC"
rmatthewman9p@senate.gov,Raymund,Matthewman,yI5!YTXT>k8%L\}$
rgaize9q@constantcontact.com,Roselle,Gaize,iV7.3v0m(5
fconcannon9r@posterous.com,Faber,Concannon,zA2@>?aU8C
dtrevithick9s@bloglines.com,Dulcy,Trevithick,oC5{tz<b
ngary9t@plala.or.jp,Niccolo,Gary,jS8<?npb
nterbeck9u@uol.com.br,Natalee,Terbeck,jD0+#$rK&
wdeveril9v@diigo.com,Wenonah,Deveril,bX0`0E2(qBq9+
gherculson9w@plala.or.jp,Gabriel,Herculson,zB5`Dy0)
clawless9x@unc.edu,Cody,Lawless,iX8`@8BV
ccollough9y@youku.com,Chet,Collough,bH2>}t{<999
ooshavlan9z@statcounter.com,Otto,O'Shavlan,oI9~jdbE`b
ggostagea0@microsoft.com,Geoffrey,Gostage,"dJ9%>Qc,`=Q"
eshevelsa1@europa.eu,Esra,Shevels,"mE5'""i$9K"""
imctrusteya2@senate.gov,Isobel,McTrustey,xJ3?ZgF6|yAid?z&
nmccreaa3@telegraph.co.uk,Nadean,McCrea,eN7{4O3?bQg(+&d
pgamwella4@canalblog.com,Prince,Gamwell,tV9{w)+%{'
tbhatiaa5@blog.com,Tailor,Bhatia,yD4@.%vYe
ebartoccia6@edublogs.org,Edgard,Bartocci,zF0|uwaYcZNA
apinnera7@fotki.com,Annamaria,Pinner,nH4?95(ia
anurdena8@howstuffworks.com,Alejandrina,Nurden,"jJ7,ujbeQvX@y"
vcadneya9@state.gov,Viola,Cadney,wU7{ErwIG
kwandreyaa@yellowbook.com,Karney,Wandrey,"xC5,V%'fb"
gmoyerab@washington.edu,Gerry,Moyer,sB7=y|bxf!Kz3
yfeedomeac@jigsy.com,Yuma,Feedome,pD4}cOD8C1`
eknealad@addthis.com,Edi,Kneal,pS6{!(Asz.
msuscensae@gizmodo.com,Marlo,Suscens,dQ5&(Z7L'FOJ
atomkowiczaf@bloomberg.com,Aldis,Tomkowicz,kK0\O8R2||a2x
pshallowag@irs.gov,Patti,Shallow,hX8.Xwc$|T*rRI
rnockallsah@google.nl,Ronnica,Nockalls,uV9+$zUZkyR
rburnyateai@sourceforge.net,Ruggiero,Burnyate,oS5\rg8w9T7Sl
mwivellaj@cdbaby.com,Mag,Wivell,dI8#uce8Kj>c!3
hberettaak@wisc.edu,Heda,Beretta,qX3>n!dRx)l
kjohannesal@si.edu,Kort,Johannes,gT4|f*&???
mlairdcraigam@jimdo.com,Milty,Laird-Craig,jS7&M)|~W_*1$ypy
lgellandan@smugmug.com,Letti,Gelland,iL1}qbGP6BC@SI
gbecraftao@goodreads.com,Gram,Becraft,yZ6=XXzPU
amoremanap@home.pl,Adrea,Moreman,oF0|5>Dgp{<H>Oc
cjacklinaq@over-blog.com,Cheslie,Jacklin,rL9>29!\fk)\$
msmeethar@mtv.com,Misti,Smeeth,wR4.1Y1fe?b
dbugleras@java.com,Derk,Bugler,mJ6}TVOc}T
fcowieat@blogs.com,Fara,Cowie,lE6_PzK7'g*+
socahillau@oracle.com,Shane,O'Cahill,zD9#p}I+@znK0Sk
lgibardav@nifty.com,Lorin,Gibard,"uQ0$o\%abGu""C+8"
cbentoteaw@ft.com,Clarita,Bentote,mU4~PSJb!)$stB2
mdodgeax@altervista.org,Martyn,Dodge,cI6!?XM3
rpeopleay@weather.com,Rosina,People,pE5_B8cGlzli_iZ
fgrissettaz@ebay.co.uk,Foster,Grissett,rC8'Jz8$JOn~P
atejerob0@surveymonkey.com,Anni,Tejero,dO3?)TcV
edallanderb1@house.gov,Effie,Dallander,"gY7{$""kcx*}=N3L8"
mdoneldb2@godaddy.com,Marilyn,Doneld,rH7$&%=zqd>
skillockb3@booking.com,Shantee,Killock,yZ8&/'bdz
ciliffb4@com.com,Colline,Iliff,uH9(KOe(Za!v4=
vappleyardb5@google.co.jp,Vere,Appleyard,xQ6(>v#xu
dtozerb6@archive.org,Duffy,Tozer,"eX1>n/G@z+T|,"
rworleyb7@si.edu,Rinaldo,Worley,aG0>(57>Ge<%s
ebiggansb8@fotki.com,Ev,Biggans,tY2=sZm{M.mt/I
ichewterb9@hibu.com,Ive,Chewter,lL2)JPVYD
airceba@ocn.ne.jp,Allis,Irce,bI0$L@(<
kguillotbb@elegantthemes.com,Kendal,Guillot,qR8/N9~+
dcloughbc@dedecms.com,Darda,Clough,"vM6(yqx""9tS"
eperkinbd@simplemachines.org,Elisa,Perkin,nP7|~!)D2sNYDd
nelliottbe@yahoo.co.jp,Nicholas,Elliott,"uJ1`Bc""~/wFY"
cwoolfbf@etsy.com,Cammi,Woolf,dB6=p{k|
gbentotebg@pcworld.com,Gwendolen,Bentote,mE2!d=GEM
ldilleybh@ning.com,Lee,Dilley,wX6'}7@Z
lgeaterbi@ehow.com,Lilla,Geater,"wG8=)`,pIzDu("
aearlambj@e-recht24.de,Alexia,Earlam,xE2'6ti!
gjenkinsonbk@shutterfly.com,Giorgi,Jenkinson,vO3)WG_|@_Yr7j
gveneurbl@ibm.com,Gilles,Veneur,iE8|QBID$<&
hgabrielibm@ca.gov,Humfrey,Gabrieli,fC7.a'>.p
pwoolgarbn@miibeian.gov.cn,Paige,Woolgar,lC3#Kw>('lufftH
bbustonbo@creativecommons.org,Bill,Buston,fD9$~hSnO`
twealebp@drupal.org,Toni,Weale,sE7(?xbdi
cdespenserbq@pen.io,Caresa,Despenser,jU9=?XOZNN47
jschirokbr@google.com.hk,Jasen,Schirok,mE9#Lb}S9.GPZ<
apresmanbs@cnn.com,Alexandre,Presman,"yG9,YmR}|j"
ghoutbiebt@free.fr,Gil,Houtbie,"xI8""O7d1V5FQt1k+"
estylebu@google.com,Eleanora,Style,jO9?\Hb+@zhg6|H2
hdolemanbv@4shared.com,Hortensia,Doleman,vJ1?&UiNhzcWFf`Y
agranvillebw@gov.uk,Anita,Granville,tK7%6{Vo8fxt~
dcowderybx@nyu.edu,Dael,Cowdery,gP7|?(W4R'y
cdeningtonby@meetup.com,Chickie,Denington,dE4}k}|V'NDwx/q
twhitehairbz@wordpress.org,Theodosia,Whitehair,"bA6*ERg""K"
bmacsherryc0@techcrunch.com,Brander,MacSherry,rM4|@H.(jal
mliddelc1@devhub.com,Malina,Liddel,lP2@R}LMr<Bi
tanelayc2@blogtalkradio.com,Tiffany,Anelay,cD1$~Y>@SpG=x52
pfleuryc3@ft.com,Page,Fleury,"eT2/L,LjP+"
rstebbinsc4@icq.com,Rori,Stebbins,cI6>@=ITTuouBT@{
mjerdonc5@sakura.ne.jp,Marinna,Jerdon,kB5#cBVT+J(@!
hkordesc6@yelp.com,Humphrey,Kordes,hZ6}qV5D
lglazebrookc7@mapy.cz,Laurianne,Glazebrook,dT2&=j@%m$S6n5
rwindleyc8@blinklist.com,Reagan,Windley,kF5$q5/7
tscrannagec9@weebly.com,Townsend,Scrannage,iZ3+~BiLr~|X{Y
gvarianca@wikia.com,Gabriell,Varian,cA5>+yAo/L
lguillouxcb@senate.gov,Leela,Guilloux,bN7`%<zE_
slooneycc@berkeley.edu,Sebastiano,Looney,lQ4/9z_+x
zruffcd@buzzfeed.com,Zebulen,Ruff,vE5+w1a9VqZ
rlockhartce@accuweather.com,Rutger,Lockhart,xK8/&\>w{V>#)H
atrunkscf@wisc.edu,Avrit,Trunks,rC1(3AV/U<
mdaviocg@sakura.ne.jp,Milissent,Davio,sA1*kq&g}%=&%I
cigglesdench@oaic.gov.au,Chilton,Igglesden,"kU8}""D9mq+0"
ahateleyci@uol.com.br,Ann-marie,Hateley,fN3`BHm!{7i7/BL
ghargreavecj@discuz.net,Gwenni,Hargreave,zM0<zfxK
lobellck@lycos.com,Lulita,Obell,kB4>*XIC+hh0\D
mcalderbankcl@clickbank.net,Melinde,Calderbank,oD2{M.nGB
amendezcm@desdev.cn,Alyse,Mendez,"xD4}5AXywF1""k"
tgeorgievcn@quantcast.com,Tomasina,Georgiev,"xN8$M&T`<5R,Qzy"
koutramco@so-net.ne.jp,Karel,Outram,eE8?}D9'O%EY7
hbedenhamcp@hc360.com,Harwilll,Bedenham,"pW7`?4c!kyAwm}"""
cdrugancq@wix.com,Crysta,Drugan,uO3~oHk!
cfrowcr@cnn.com,Cosetta,Frow,"jO8+KYa,"
cleacs@ameblo.jp,Carly,Lea,vD5?MnNY?*b1%R
vstimpsonct@arstechnica.com,Vevay,Stimpson,lM3<#gU`N57
kpapaminascu@devhub.com,Kev,Papaminas,hQ3/#CklcD>6&o?
egolbycv@51.la,Elnar,Golby,nY5|~&aq~u&
gyieldingcw@hubpages.com,Giraud,Yielding,"fX5""\lwr"""
ylivesaycx@amazon.de,Ynes,Livesay,"yV2$ec3V,y"
ccramercy@constantcontact.com,Charles,Cramer,kF8#=b984.n&0(
achomiczcz@dmoz.org,Annmaria,Chomicz,"hN3,G4&7YEH.''G"
asellersd0@shareasale.com,Anissa,Sellers,iN7&|yJ<w*}#
byosselevitchd1@shutterfly.com,Brigg,Yosselevitch,vN0.!_UbHe0H
aconnachand2@last.fm,Arnie,Connachan,wQ8&4Y{E
chedmand3@ed.gov,Colene,Hedman,rF3.xJ=K#
cshielsd4@blogspot.com,Colin,Shiels,"cE0,WT\l(4sbC./"
hhubbocksd5@zimbio.com,Herschel,Hubbocks,dX2&WEDTG
ejellicod6@soup.io,Evelina,Jellico,xP9>samm9t0
amandrierd7@csmonitor.com,Adriano,Mandrier,kP4\}sx}.V}
rroubottomd8@umich.edu,Raynell,Roubottom,eQ1`VH/2jMV|b&#
pohengertyd9@paypal.com,Phineas,O'Hengerty,xE2<dN>tm
daberdeenda@google.ca,Ddene,Aberdeen,wX6(5sOb>Uef?
uthackstondb@blogs.com,Udall,Thackston,nG3\yk>6Ak%>7N
ftewdc@comsenz.com,Frank,Tew,nS5`@}WP
krosenstockdd@istockphoto.com,Kenn,Rosenstock,"aE3@3Y""JXV"
pdelacostede@naver.com,Pietro,Delacoste,eW6'a03i4rsXVQ{Z
jardendf@about.com,Jackquelin,Arden,hR9'dDM2rb9kUScM
ibaumaierdg@gov.uk,Idette,Baumaier,"nW3(""PLs)m=0Et"
mjoseferdh@psu.edu,Mikaela,Josefer,pL2*xl}0{X_=&@o
ajenkinsondi@stumbleupon.com,Aaren,Jenkinson,hF0`POav'{hvSg
ckhandj@w3.org,Constanta,Khan,bH5=WAl7~brWd~p
bbaudichondk@aol.com,Bord,Baudichon,kK5'Vz7z+
spacherdl@google.cn,Shaun,Pacher,"cS9({Z""#{vvtiy&"
knewdm@wikipedia.org,Kristo,New,qS3}M5)WZvGdO>86
jjuhrukedn@google.co.uk,Jenelle,Juhruke,"nM2}XHhCSD,"
cbuzindo@microsoft.com,Celina,Buzin,dA1&5Q7gTwGNc
lroxbroughdp@wufoo.com,Lacy,Roxbrough,sM4|h1b`R+2
grawlindq@alexa.com,Gardiner,Rawlin,dJ5?M&/Lt>Ax~rR
jlittleprouddr@pen.io,Jeniece,Littleproud,aK1>D@@%U
apaintainds@opera.com,Astrix,Paintain,cH4@M{w+4i(Qu
cprynnedt@answers.com,Corliss,Prynne,yM8>'S#!ow&\J6Y
aducroedu@dmoz.org,Alanna,Ducroe,vO7)z/00W?cS?
akezardv@storify.com,Antoine,Kezar,tC8${69co
mgaigerdw@nature.com,Mead,Gaiger,yZ8>Qb'XY
maulddx@digg.com,Matthus,Auld,hS1&7}T%H
jmaliady@fema.gov,Jermaine,Malia,xS3@8Pd3*qN~.g
yplaidedz@acquirethisname.com,Yves,Plaide,gY8~'FcKLza
ajordansone0@domainmarket.com,Andra,Jordanson,xH4+kxrr
ctapsone1@engadget.com,Crissy,Tapson,aR3%6H46jo
hohengertye2@bloomberg.com,Hanan,O'Hengerty,cK0&sttHpQC
lumplebye3@parallels.com,Leann,Umpleby,pB2'PV_5J&Sfr!*
jmacneillye4@goodreads.com,Justen,MacNeilly,cT3.F@UDE
kalyoshine5@scribd.com,Kora,Alyoshin,aL9{}uz*\2
mclaveringe6@ask.com,Myrilla,Clavering,"aT2""DuuY(O.Oj*a"
ebugge7@goo.ne.jp,Eberto,Bugg,gV8\Rs(?M'mUz
balmacke8@wufoo.com,Benedict,Almack,wT1{*2SV8D
clamdine9@google.pl,Caryn,Lamdin,kH8`DH1tv
kziemenea@google.co.uk,Keenan,Ziemen,jG7~}u0gJT*/80d
kblancheb@bbb.org,Konstanze,Blanch,"nL9@oVAHgE<,"
zluneec@csmonitor.com,Zechariah,Lune,"jI9""i3#~"
afrancescuzzied@de.vu,Andrew,Francescuzzi,wG5\dvlw6mP/M
rjordiee@cnn.com,Rosina,Jordi,"gY8_27#{M,pWO."
gmorecombef@lulu.com,Gussi,Morecomb,"xP1@_,Py/JR99'F"
zdosedaleeg@examiner.com,Zolly,Dosedale,bI2=Vr?{mHTbD</
cfawloeh@blogger.com,Cicely,Fawlo,"fP7,,gL,k=jYa""5h"
saupolei@ovh.net,Sari,Aupol,eE3&0Y~fdmLwgFt
pcasalettoej@hibu.com,Pail,Casaletto,nK9=m1d8PiI$>0q
dsquirrellek@vinaora.com,Daffie,Squirrell,jX6#`#G6pEg%W
fmorbeyel@google.fr,Frasquito,Morbey,"bQ3""Gl0p<YGC"
rjaskowiczem@newyorker.com,Reinald,Jaskowicz,yB3.OChMHtf|S@
dpetryen@ifeng.com,Domini,Petry,lK4`d@KS`oo
rnetherwoodeo@ibm.com,Reinwald,Netherwood,qT3~uVly@*ruH
coloshinep@soundcloud.com,Corrianne,Oloshin,mR8\m$BhR
elaugheraneq@tinyurl.com,Emmy,Laugheran,pL6<NWCl/R
bwitheyer@google.pl,Berget,Withey,lL7'C5*|7%
medmeadses@youtu.be,Marie,Edmeads,hL2!Vbz>aZC~
ohannenet@myspace.com,Oralia,Hannen,zH1+QbYC+lv`V
shelkseu@washington.edu,Sheridan,Helks,mY8!!)3d?C!o@`
hmadgettev@wired.com,Hester,Madgett,oJ6?o8*{~3RM78
mrolfsew@liveinternet.ru,Mallory,Rolfs,iS7/QzGLJT4gIt!l
fkilshallex@ox.ac.uk,Frazier,Kilshall,sA2+cD/%
bcowlardey@nasa.gov,Blinni,Cowlard,"hE3\+Tmi<B,C%""w"
etinnez@wordpress.com,Eudora,Tinn,gG5)1kLfS
fseelyf0@xing.com,Friederike,Seely,hI9.kod`Fv!R_
kmiskimmonf1@mediafire.com,Kerr,Miskimmon,mC7|21*As9uM
ccaillouf2@mtv.com,Cort,Caillou,dF3`o.(VMd9LVth
ahandlingf3@redcross.org,Averill,Handling,pH3~hW?`2z
tgoodburf4@nyu.edu,Tarrah,Goodbur,"eO7?,|d7sf9V7F!"
mtreadgearf5@squarespace.com,Marlon,Treadgear,zR5~&KF2
tmurdief6@1688.com,Torrey,Murdie,mO2?VV8Q%IN%>j
amossomf7@symantec.com,Annabella,Mossom,bQ9|ozzN=0yB
msieghardf8@eventbrite.com,Max,Sieghard,qM7_1m*hAb(JNd
ddreinanf9@msn.com,Daniella,Dreinan,"gQ1+SUuo7mS%{n""/"
cbrodyfa@paginegialle.it,Cesare,Brody,qU3'F5hAX/B
nposnerfb@house.gov,Nils,Posner,xS4!N6>I&$8QcL(4
kminneyfc@disqus.com,Karee,Minney,oK0%5isc|NLOQ
ymelsomfd@accuweather.com,Yorgo,Melsom,mW9(<Z)XZA
kjoyntfe@bandcamp.com,Karleen,Joynt,oG4%Eho#
pwabersichff@vkontakte.ru,Pen,Wabersich,wG2|Y~S8)Pn
jsouthernwoodfg@seesaa.net,Jermaine,Southernwood,oO1!AZNl)c@
dmcvickerfh@mit.edu,Davon,McVicker,"kT2""6cfnU2Z"
cferryfi@columbia.edu,Caril,Ferry,fB4*>YW2
taspellfj@nifty.com,Tiena,Aspell,lE3'tCXM_hI7S=
omeekefk@home.pl,Osborn,Meeke,eH6{ww$D_K!YF
vverefl@boston.com,Verena,Vere,eN5}<$ZT+w*
cstegelfm@omniture.com,Cy,Stegel,gM0?ND1{U2'rst
mpolleyfn@163.com,Mycah,Polley,oP7=L1El>S|7j%F
kmactrustriefo@devhub.com,Kris,MacTrustrie,"oY0*""""40QrpN{b"
lkubisfp@bigcartel.com,Lianna,Kubis,hW7$xSlL${4wxSCj
jfritterfq@walmart.com,Jeanie,Fritter,rF6<k%mVyezVz`m
djenksfr@purevolume.com,Dorey,Jenks,"kR8<ySil,<,YK\"
rcombenfs@w3.org,Reggie,Comben,iZ4#Ic#z
dbradnamft@answers.com,Doria,Bradnam,mZ7(TBvu!
rmcaviyfu@dyndns.org,Roderick,McAviy,aV8%M=S_
bproudlerfv@imageshack.us,Brandea,Proudler,"gJ1?8l!d,"
fborgnefw@mlb.com,Fay,Borgne,"kS0}u""nRg#/"
agodlemanfx@zimbio.com,Amabel,Godleman,cX7&YE>nV&_ViGP
mstrankfy@t.co,Mark,Strank,hO1}rwJVerO).k)
dfoleyfz@epa.gov,Deny,Foley,"iJ7<pP((,sf#tYc"""
wvicareyg0@census.gov,Wang,Vicarey,yD2=#MjN
anewcomeg1@craigslist.org,Ad,Newcome,yS9!=?x13NKcS>Oi
mfloatg2@elpais.com,Margy,Float,wY7{b*W8H
cmarnerg3@cmu.edu,Concordia,Marner,jS6$|Z14jZuIHlRK
dschafflerg4@t-online.de,Durand,Schaffler,rY1`TJQ>VU`Sn
delkingtong5@hao123.com,Derek,Elkington,rL1!_n_Osvr2?ce6
adillintong6@nasa.gov,Amelita,Dillinton,pR8''_i>lzP%r/'
cdiggg7@goo.ne.jp,Carlee,Digg,qO7==0QG/9/
readmeadg8@canalblog.com,Reinaldo,Eadmead,hA1#D/8AZU*aMi`{
rchatg9@slate.com,Rickey,Chat,"eF8,W|Ej@$HV."
lheadechga@telegraph.co.uk,Layton,Headech,"tH2""Sgs5,2>.D@L"
kknowlesgb@networksolutions.com,Kirby,Knowles,"bD1#.,eQ.NYl"
cwreygc@npr.org,Chickie,Wrey,"eD1?""L}w"
bscohiergd@ustream.tv,Babbie,Scohier,rE2&}VWM$__.
atruluckge@vimeo.com,Arvin,Truluck,oM3!yo{0GN
plavingf@gmpg.org,Petronella,Lavin,qX3&AZBM3hL
rwhittuckgg@tamu.edu,Ruperto,Whittuck,iR0_*+w3p$cDG}F
aharrimangh@indiegogo.com,Ambrose,Harriman,sY3@.8+v
rtolomeigi@imdb.com,Roxie,Tolomei,bN1/&q8x3|g+*
fmurphygj@newyorker.com,Fin,Murphy,iQ0?%hIF+&
twalchergk@house.gov,Tabitha,Walcher,"fS6,lu""$Wy#_2"
blicciardiellogl@over-blog.com,Buffy,Licciardiello,gE3!V&%TG1dGv*
klorensgm@unblog.fr,Kelwin,Lorens,eI8{xtg)B?D
aedridgegn@google.es,Ashla,Edridge,"tR1%~,oiO'9&zdaf"
sdacostago@census.gov,Saul,Da Costa,hA3/MzLmw>FR
etreadgeargp@bandcamp.com,Eadie,Treadgear,tK8>S@~8J0
amcgeffengq@springer.com,Annemarie,McGeffen,"qY0,X2f,.=Vt"
cpendrillgr@skyrock.com,Colan,Pendrill,nK6+EtD?coP3Bs=
drosedalegs@about.com,Dot,Rosedale,"iT6=XQ,9\YI56f%"
gprattongt@networkadvertising.org,Glynnis,Pratton,"pG2%!C#cvY,`%kT"
bfeldhammergu@edublogs.org,Bernita,Feldhammer,"sI3$rC+UB81""Jyc"
fkhristoforovgv@smh.com.au,Florentia,Khristoforov,zQ0)zFyo@oXU
aslyvestergw@facebook.com,Andra,Slyvester,vL1(APNFj
gjodkowskigx@mtv.com,Giraud,Jodkowski,"bM4>)5@""OZVNC*g"
medmonstongy@youtu.be,Moyra,Edmonston,pP5%bnqqf_#))Nr
hmartinsongz@moonfruit.com,Hermie,Martinson,vB3~qD#T({3y
ltodh0@xrea.com,Latisha,Tod,eT4@g3QJ<WRY_8Hp
mpurverh1@deviantart.com,Maurise,Purver,"vF7<""*+W&7Zt#p_#"
hmalyonh2@myspace.com,Hunt,Malyon,gX6$~MQH}?8Ud
spfeffleh3@dion.ne.jp,Stacee,Pfeffle,bF7~3I(qqDhB
egothruph4@trellian.com,Elfrida,Gothrup,"bJ9""eZVI!>1"
kgiacopelloh5@sourceforge.net,Katrinka,Giacopello,"uM4,?x5J{M7O"
callmannh6@opensource.org,Colette,Allmann,hR8_RO$G(@`
rmarlandh7@answers.com,Russell,Marland,eJ6=yUuL\}
caldertonh8@nationalgeographic.com,Cathleen,Alderton,sL4(>YGL
fmephanh9@wikia.com,Fremont,Mephan,oJ7(#OWzG*5
hlayheha@pbs.org,Helge,Layhe,gG7@/kc01qi1KJgW
ekeninghamhb@hao123.com,Efren,Keningham,"yL2+4,{95JB7qBg"
tgoodfellowhc@163.com,Tadeo,Goodfellow,oV6?y'i(&6d$
achrismashd@homestead.com,Alleyn,Chrismas,eK4=Q|#gEBCL
borteauxhe@noaa.gov,Beilul,Orteaux,eA1\miIn{hROLByV
dstonhamhf@ibm.com,Dreddy,Stonham,lN7{V)e#bauJ>0h
eswinfordhg@businesswire.com,Egor,Swinford,kD8>3}wsa`
memanuellihh@huffingtonpost.com,Mag,Emanuelli,qT9*G2ksPYSz
ahinkenshi@biblegateway.com,Alida,Hinkens,iI4/fMH7
mclutterbuckhj@reference.com,Matthieu,Clutterbuck,kB9_t0!}7
vscoreyhk@pen.io,Vikki,Scorey,"rB5&Lo""&|+!v8"
lradkehl@bandcamp.com,Lanny,Radke,jW3=4aJ'(xO'F\
kegertonhm@patch.com,Kellyann,Egerton,fK6~Kre'=sx
spatriahn@bloglovin.com,Sarajane,Patria,sM7<g#4\?1{ygC#
erayneho@domainmarket.com,Elisabet,Rayne,pG3(yBY{|=RU
fricciardiellohp@washingtonpost.com,Fee,Ricciardiello,gA2@mG)s
gsiaskowskihq@blogspot.com,Gabbey,Siaskowski,pO2#z%k7|$G0Ux
amcminnhr@newyorker.com,Addie,McMinn,"dS8,!m032'=ZH"
bibbotths@freewebs.com,Bram,Ibbott,eG4'dod7=NnHdj+{
rslixbyht@time.com,Rozelle,Slixby,yW1`pD9p`f
htwidellhu@weather.com,Hogan,Twidell,vA4'pw4R!I
zsuttonhv@omniture.com,Zorina,Sutton,qS0.MR4b2Lop>FDB
mgowanlockhw@amazon.co.jp,Modesty,Gowanlock,qZ4**FYaDj%O_`
kflatthx@eventbrite.com,Kimberly,Flatt,yD8$6(}}ibWJ&u
twiddisonhy@berkeley.edu,Tami,Widdison,uL4_$6DH5\
sjowlehz@nhs.uk,Sonnie,Jowle,vI7?Z=EH{36qKm
kknotti0@flickr.com,Kylie,Knott,"eA7#=YqW*s&=g"""
nkuresi1@reverbnation.com,Nicholle,Kures,aE9+.H?1'qp)Z
ctayloti2@mlb.com,Clemmie,Taylot,gP2!}@5=/
bbellenyi3@i2i.jp,Babb,Belleny,mG5&k}D0
ogoldstonei4@weebly.com,Omar,Goldstone,pU7<%\gm/q528
padderleyi5@mlb.com,Patsy,Adderley,"kL8""(@/k30tRnUb"
bhanhardi6@eventbrite.com,Brunhilda,Hanhard,jG6|Fs`y5o>C
kchasteneyi7@state.gov,Katee,Chasteney,lW9+Qv&wdQ\
cclyburni8@hatena.ne.jp,Carmencita,Clyburn,bM3*KzI.CE/~
shawki9@netscape.com,Stephanie,Hawk,"aM7,S@`52lC"
vheinekeia@oaic.gov.au,Verena,Heineke,qX1_EY!BZ
rpoyzerib@nbcnews.com,Ray,Poyzer,kH3~VrClK
akingzettic@example.com,Arlene,Kingzett,gG7~>})?{Ak
xcraggid@friendfeed.com,Xylia,Cragg,kY8_SHtf
seschaletteie@woothemes.com,Sandra,Eschalette,fC0#L<0C\oM
eelwinif@globo.com,Eugene,Elwin,jF6_gWC5K64F$V}
psiretig@guardian.co.uk,Phil,Siret,cM8!bDMZD=i&
jruminih@latimes.com,Jeannette,Rumin,"bC9\/L""x#$>YX,"
jfeuellii@dot.gov,Jeromy,Feuell,qN7{/oO({f
ksideyij@mysql.com,Kass,Sidey,rD0#7}Q.?2#JOVM
bwrittleik@mlb.com,Beatrice,Writtle,"aG0""PbnZaO$e'IG*"
tyuryaevil@usgs.gov,Tiffi,Yuryaev,dS3%Cjy|
amatterisim@tinyurl.com,Adrianne,Matteris,mK2{3X5Q)?4n_h
cnottiin@godaddy.com,Chloris,Notti,qC6/TpEUHm
ddumbartonio@amazon.co.jp,Dannie,Dumbarton,bF0/CkEs+'Vs
kbeldenip@deviantart.com,Karlen,Belden,xT3$ZC=|z8
jwortoniq@wordpress.org,Juliane,Worton,aR1'G*$%mWi7
hpiotrir@goo.gl,Hal,Piotr,"gB4""bbVpty?MKCp"
dcurraghis@sohu.com,Deloria,Curragh,"uP0(>3&""Gt$<ISM2"
dlokierit@pen.io,Dewain,Lokier,lY5'%/Fl1(
ccrisfordiu@imgur.com,Charlene,Crisford,iU3{62/2r
pbontineiv@pbs.org,Pernell,Bontine,cF2*?n(vmhVMwZZ
nlimpertziw@technorati.com,Nicolis,Limpertz,"qU3)0Gvm""""Mf?"
emarkovichix@opera.com,Elwyn,Markovich,vX7&gu$GJx?w>8
shadawayiy@ovh.net,Sasha,Hadaway,wO3({#uJ%
lkenewelliz@mozilla.com,Lark,Kenewell,hD0+xmJ&)3Rl
gemerj0@bandcamp.com,Gisela,Emer,fL1)GcQ1*
frecordsj1@skyrock.com,Freida,Records,wD3')wc#qQ036+f
dbrantj2@angelfire.com,Dex,Brant,jY1<.l)u.5
dbuckokej3@bbb.org,Darlleen,Buckoke,"rW2?%@i+~1NW$,O"
cbinnallj4@google.nl,Claybourne,Binnall,yR9#qe)=
skirleyj5@boston.com,Sullivan,Kirley,"zJ2!P#VTe,"
btillettj6@youtube.com,Beckie,Tillett,yY7.91'd6gl
sohoolahanj7@usgs.gov,Sayre,O'Hoolahan,"dB2%~,hh?7A+"
mpalphreymanj8@so-net.ne.jp,Maximilian,Palphreyman,mE0?OC!B9E$ihcT
gwheblej9@jimdo.com,Goober,Wheble,iS6@\4PO_c#qVDYa
aphillisja@jigsy.com,Ardra,Phillis,"yY0*UWN""285"
rmiklemjb@geocities.com,Rand,Miklem,hQ6?lbK.hM
cwardlawjc@theguardian.com,Cathrine,Wardlaw,aQ7)'<O0dw
smacknockiterjd@slideshare.net,Symon,MacKnockiter,eC5.>C|Ix+Cc|
pscarfeje@prweb.com,Paola,Scarfe,eR8\5+?=Z
cgreenrodjf@ning.com,Chase,Greenrod,lR8~IOcU_\
hlockhartjg@yellowbook.com,Halsey,Lockhart,"iK5?!K""0Bk""Ro7"
rjamiesonjh@indiegogo.com,Ronnica,Jamieson,kS9/x|Y~8ap
cnevinji@huffingtonpost.com,Chelsy,Nevin,bZ1/1i$F}T{
pcogerjj@businesswire.com,Prent,Coger,"hA9$Z""?)`"
lbacklerjk@homestead.com,Lezley,Backler,pT0.M%vthb
jleiljl@newsvine.com,Janet,Leil,pW8/KlEy{g((zi
wminesjm@nydailynews.com,Wilow,Mines,bM2*&dHZn4
rperviewjn@mit.edu,Robinia,Perview,yO2>V{5d8kp%<?
gcostelowjo@squidoo.com,Giles,Costelow,"qV9&dzy,5m4do"
cmcaughtriejp@unblog.fr,Claudian,McAughtrie,jE0'w?Sxp
labeljq@fotki.com,Lonny,Abel,"cD4,,~m$xG.&TN"
ddeathjr@slate.com,Daphene,De Ath,fF6{}I*X2j#u
egilstounjs@ask.com,Ettore,Gilstoun,"lS3=ezmF9z"">"
mmachinjt@irs.gov,Mathilda,Machin,oK6)kyAul_>O
hwoolcocksju@example.com,Hanna,Woolcocks,rJ3?>=jtIdYt@i_
lstollwerkjv@newsvine.com,Layney,Stollwerk,sH0~z2'J${y*bpS
browsonjw@timesonline.co.uk,Benyamin,Rowson,hC4\9<#<j
clabbjx@naver.com,Chantalle,Labb,aL1&ZaziXzA
mschohierjy@dot.gov,Maurise,Schohier,iN4~%ytbUB7Nt|
ngilardengojz@aboutads.info,Normy,Gilardengo,eN1$IXX|EvaE!
pmerank0@over-blog.com,Pippy,Meran,dA5#OfMqK's
mbrownhillk1@ameblo.jp,Marcelo,Brownhill,gE6?<nCG{Lw{
hropckek2@booking.com,Hewie,Ropcke,"dL6""w\*d_~n7wn"
fbeeswingk3@macromedia.com,Faythe,Beeswing,gD2{\5!p_CQ
asottellk4@marriott.com,Alford,Sottell,pC0%O0(J4C
ckortingk5@yellowpages.com,Carmelita,Korting,wK3~(z7K.Iqf3A
cpomeryk6@tinypic.com,Chere,Pomery,nG1#Uw`|DbAxl
tbeldenk7@tmall.com,Taber,Belden,jY2'uO=?rk$
drixonk8@imdb.com,Doll,Rixon,fL0`r+umw70c.
akimmonsk9@newsvine.com,Axel,Kimmons,tN1.H=au8P#S?F
lkornyakovka@sohu.com,Louella,Kornyakov,wS1{i3I@J'0
ghallinkb@ox.ac.uk,Goddart,Hallin,jH5|~|)U?ZpH
bcollcuttkc@uiuc.edu,Brear,Collcutt,uL5?9@ypk&\
tyitzowitzkd@photobucket.com,Tamara,Yitzowitz,kV1)I`EM%u'R
jcannellke@shutterfly.com,Jacqueline,Cannell,wH4!Uwf</B
evanhesterenkf@scientificamerican.com,Elyssa,Van Hesteren,bE4_jqg2vtH2f}MP
lplesterkg@msu.edu,Lenci,Plester,gD0'Og?TF1.DJL@A
cansleykh@yandex.ru,Caspar,Ansley,tZ3%aZsW(#T$bEW
amellonbyki@sbwire.com,Almeda,Mellonby,tO1?z<i$
ptrebilcockkj@mac.com,Paddy,Trebilcock,vZ2&WIN/d
zlinsleykk@accuweather.com,Zondra,Linsley,mY5>2_&>g
cwatchornkl@geocities.jp,Clementius,Watchorn,qD0!XKVpY4G>Sh
rcubbinikm@cafepress.com,Raynor,Cubbini,oZ1$x@NF?'b%
lgraddonkn@pbs.org,Lenard,Graddon,gT7?`*~j=B0xudm5
jmoresbyko@mashable.com,Joyan,Moresby,kK3_cri`St2Vo+>
fpoundskp@sbwire.com,Findlay,Pounds,dY7_m?RL)?pQ
hwofendenkq@ezinearticles.com,Hilary,Wofenden,"vI5,%GroM$*V9Fq"
dstollardkr@springer.com,Dulcy,Stollard,dD4=sQ8N
jsellandks@washington.edu,Jaquelin,Selland,"sF7,""eP<oV}xL"
zbleimankt@ask.com,Zorana,Bleiman,oT2($qTkJ
bellerayku@bizjournals.com,Bren,Elleray,hE7!NkJC%qgVr2c
fstonbridgekv@answers.com,Flory,Stonbridge,qV7!a~i150Q||
gcowingkw@techcrunch.com,Gaile,Cowing,mR9|asfWl<8T}K@
jlondorskx@google.co.jp,Jeanine,Londors,pB3#z7nPw!ck
jsandomky@sakura.ne.jp,Jocelyn,Sandom,lB0#<{z}
gbartholomauskz@zdnet.com,Gaspar,Bartholomaus,sS5<}EKGZDrbp=
mmacural0@seattletimes.com,Mirna,Macura,nI7~*`ns6
cmckinnonl1@marketwatch.com,Christos,McKinnon,wS4$hQ|3v|e
jdrowsfieldl2@dailymotion.com,Jobina,Drowsfield,zR0/4VZ\lyMLw=
lhalsel3@soup.io,Lu,Halse,uR0.!4a@A
ccossingtonl4@fastcompany.com,Christian,Cossington,"qE9,Tg8I%'aU0r"
nashwelll5@nature.com,Nolana,Ashwell,aF7@@qB/x0nNs
dimpyl6@wikispaces.com,Dolley,Impy,jJ2(VeMuFV=6@w*t
tlackemannl7@bloglines.com,Trevor,Lackemann,yF5~+h}1bzg}{4
tdoolandl8@ihg.com,Tootsie,Dooland,"mG7{=5C}""S*"
fstorrsl9@drupal.org,Fey,Storrs,"cX2#Nl6M_a?Rn,N"
adivinala@barnesandnoble.com,Abigael,Divina,"uU9\""eW?).=A"
jdionisilb@alibaba.com,Jeff,Dionisi,tX2.$6>&
lmartinollilc@devhub.com,Lonna,Martinolli,lK5%|.g`<?W
dyannikovld@tripadvisor.com,Denny,Yannikov,gS7\@tef}U@Uz'A
aagronskile@myspace.com,Angeli,Agronski,"gA4,,io6OfuBy"
ppetolf@cam.ac.uk,Pen,Peto,iL5!w6o0G+'g
wglidderlg@plala.or.jp,Wilhelmina,Glidder,"lO5}}3j@2+Qq`K4"""
agriffithslh@last.fm,Arleta,Griffiths,fC6.=Bo2r+4~6WG
lkrauseli@java.com,Laurice,Krause,dS2=I0Z<T@iv8
mbangiardlj@utexas.edu,Mattie,Bangiard,tT7~'<yXIG(NV
dcottelk@google.com,Desmond,Cotte,oG2+)'ISD
dsycamorell@example.com,Dionis,Sycamore,"nB9""Z&DJ4"
vurvoylm@wisc.edu,Vita,Urvoy,"yP8,x0/bp|4"
nmedlandln@zdnet.com,Norby,Medland,nA1\wVLYLkTVm#_Y
mmcgonaglelo@mail.ru,Mandi,McGonagle,"rB6""JB*P{c"
mheliotlp@yahoo.com,Minni,Heliot,lV3>te%{8dM
nschroterlq@symantec.com,Nanny,Schroter,yR4\4%0g\dKIPuD
dfellgatelr@macromedia.com,Dorian,Fellgate,xO3~0V0n
winglels@techcrunch.com,Werner,Ingle,sG1>vHYm3B87)?F'
ecristollt@slate.com,Ezra,Cristol,dM4?7z.$`/Mz
megglelu@bravesites.com,Morissa,Eggle,xE7\%/XCw=<
fjanodetlv@creativecommons.org,Florina,Janodet,xZ5%FCc>D4!3e
mhiggoelw@tiny.cc,Merwin,Higgoe,vH2}&b.)$qd3V3o
vwillshirelx@latimes.com,Vicky,Willshire,pZ2+V\K$
grupertoly@blog.com,Gabie,Ruperto,qO4{Hl@AKg
scliburnlz@hexun.com,Selle,Cliburn,"tU7)t!D""*)ANVfs"
aberlingm0@globo.com,Ann,Berling,mO5\ve5514v
ekenwoodm1@simplemachines.org,Elianore,Kenwood,gC8`x'ZOL
jpettiem2@rakuten.co.jp,Jarrett,Pettie,"hN7""mE#P7c_w"
avongladbachm3@shutterfly.com,Ashil,Von Gladbach,rF2|dT>QXEH
bhaycroftm4@cisco.com,Becky,Haycroft,vH8~#U+cWK.WQdOP
wdoreym5@sphinn.com,Wilma,Dorey,wU2~RS$&K
kcoulbeckm6@mit.edu,Korella,Coulbeck,xC9>(<xtc(Y
gcleimentm7@jigsy.com,Gasparo,Cleiment,jP1!j4|2
rbladenm8@edublogs.org,Reagan,Bladen,eI7<m31*2!kR(wL
nkimberm9@un.org,Nicol,Kimber,sJ5\w%9P
etwinbournema@spotify.com,Eleonore,Twinbourne,lQ0$CQeoObqO$3
ccramondmb@mashable.com,Corrie,Cramond,sS0%|!%J~j48)f
dpichanmc@sourceforge.net,Dana,Pichan,hW4'NGt.Xb30.&H
ashervilmd@nih.gov,Allie,Shervil,xA6@JKW8D~(?CL9
aberefordme@weather.com,Alley,Bereford,eY2~i>77@HS
cdudneymf@deliciousdays.com,Colette,Dudney,mU1~OzjIk4h7u)
opurrymg@storify.com,Odille,Purry,qI5(0ui/qR
eviallmh@mit.edu,Elwyn,Viall,eC7+?}U+fM`0
kgabbymi@businessinsider.com,Kassia,Gabby,vV0>C_w\/9<kIs'
jfranceymj@blog.com,Jon,Francey,wI3@eBr8M
jsackesmk@desdev.cn,Jory,Sackes,oJ9@>pvz|e\
khartlesml@cloudflare.com,Ken,Hartles,wK2$%$m1F4VT
abilslandmm@shutterfly.com,Ailina,Bilsland,cP5!S#E>r+IJ&0%s
wsilmonmn@example.com,Wain,Silmon,wW4|Kv(B?
whamlenmo@columbia.edu,Webb,Hamlen,kE3!h9n8B1Zp*J
dpietzkermp@japanpost.jp,Damiano,Pietzker,fP5>H<JPIQ2>\2y
zdunstonmq@360.cn,Zorana,Dunston,yJ9#8VoTZ
rsteeplesmr@multiply.com,Reyna,Steeples,pK4(#H&(gD8dNEVK
hkennallyms@github.io,Harald,Kennally,eL1)x.V*l
himbreymt@ow.ly,Horatia,Imbrey,eY3%mb}Q
knehlsenmu@uiuc.edu,Kerianne,Nehlsen,oS4''#N<X9qtrb~'
kfowleymv@t.co,Katey,Fowley,lV1)ReCw{%2}*j+
ztwinbournemw@icq.com,Zacharia,Twinbourne,cV6`pzg5>\
kveitchmx@blogger.com,Kathryne,Veitch,sE9$Q>X3=KL5z+A+
nshrubsallmy@vkontakte.ru,Nye,Shrubsall,gO4@R=hf6A&
nferrigemz@mashable.com,Nat,Ferrige,gD9#YyGkxq@8V
dbrabenn0@google.co.uk,Devi,Braben,"hO9,|fm&,_XMB"
jcarisn1@ehow.com,Jarrod,Caris,sG1&/Ac4HY5.V
sbynethn2@disqus.com,Scarface,Byneth,fK2(pvb>M#'<\E
eshillinglawn3@jugem.jp,Ewart,Shillinglaw,xC3$%#WjRC'j*0qB
bsaywoodn4@virginia.edu,Bucky,Saywood,fL9`k\}z
hmatthewesn5@washingtonpost.com,Harbert,Matthewes,"vG6<8znv0""\"
fgemmilln6@live.com,Fanechka,Gemmill,fN4_Xxg34>)
llockeryn7@uol.com.br,Lewes,Lockery,xF6/4'`AM
dbutterfilln8@apache.org,Donn,Butterfill,qQ4}g~wx3P(g%mjA
bdaensn9@wikipedia.org,Bobbi,Daens,"tA2*PZ7J>X{8&,Q"
iglenfieldna@amazon.com,Ivar,Glenfield,aC1?*tlb.N!5
cbelisonnb@cnbc.com,Chrystel,Belison,yP0+s%X&201uI
mgrubenc@sciencedirect.com,Mariam,Grube,tS4~%{oG
dickowicsnd@umich.edu,Damian,Ickowics,"pF1$t!pa""h'U"
bsydryne@weebly.com,Blanch,Sydry,gA8(S=K$4
melieznf@elpais.com,Mattias,Eliez,dI5%j2}sm}t
mkippingng@wordpress.com,Myriam,Kipping,jZ5.vJH%
lseaversnh@quantcast.com,Lexi,Seavers,dY3&$gIf)kA7&RNI
cmedlandni@omniture.com,Calv,Medland,lQ2\/2B&M>iEm
hvalesnj@usa.gov,Herold,Vales,xB0_f_N3Fp'.U
bbanksnk@whitehouse.gov,Bianca,Banks,qD4/)V2BycUt#I/
fphilpotnl@go.com,Filide,Philpot,hP2&m6FIX/6v417K
alernihannm@washington.edu,Aloin,Lernihan,kY3)x{Z}hD&6}vn
dolfertnn@hostgator.com,Dev,Olfert,oV0*5$dnOQ*
mburrusno@gmpg.org,Malina,Burrus,mU3}g5~%h}T
lkeddienp@dagondesign.com,Lela,Keddie,jW4<$A~{ZJ|%
abuggenq@elpais.com,Anders,Bugge,"vH9,$s8OA"
kkayesnr@wikia.com,Kati,Kayes,"dP8""#KN$9z%9SGi@"
mcaveneyns@squidoo.com,Muhammad,Caveney,tE6<M+Ow.!A7
lspiniellont@is.gd,Laney,Spiniello,tO1|3tzU@\7l$T
cruanenu@dailymotion.com,Correy,Ruane,vX4{O@H8qt#
thartzognv@unicef.org,Tommie,Hartzog,nE6)8Un>%hR49t'{
ycattermolenw@studiopress.com,Yule,Cattermole,pY6**QCqj
gvandenbroeknx@theatlantic.com,Gretchen,Van den Broek,mY8/'yDe9S=q|$
rhayseyny@va.gov,Rheba,Haysey,aV0\b`2%
hraikernz@omniture.com,Horatio,Raiker,sD7<03KW
hhofnero0@is.gd,Hussein,Hofner,oO0*Bu0(9WrQi+
sjoslino1@parallels.com,Seana,Joslin,"jY6&`a4HZT85K"""
taikmano2@wunderground.com,Tracy,Aikman,"wS4,f~{+|{\"
dseerso3@newsvine.com,Deane,Seers,wD5!<3=Z=US
nblabero4@dagondesign.com,Natty,Blaber,rR8~sLn4grId
mphillipsono5@howstuffworks.com,Mauricio,Phillipson,wI1&sf#Nde
leagerso6@google.nl,Liliane,Eagers,bJ7)Wo}xRT
molochano7@phpbb.com,Melissa,O'Lochan,wB3*UTZA$Uc3
clacko8@pen.io,Codi,Lack,sD1+8G4s#WhC3)(y
swaszczykowskio9@auda.org.au,Steffane,Waszczykowski,lV0'@0x(LM
smcgurnoa@ca.gov,Sherwood,McGurn,bU1*HoXsU9*
jmiddlerob@bloomberg.com,Jesselyn,Middler,dU9<H(}mWmmwT9
boldhamoc@guardian.co.uk,Buiron,Oldham,xQ4&vD20K6q&+aHC
chicksod@salon.com,Corine,Hicks,cM0.{5N.{B{2XF
bmcilveenoe@mysql.com,Bancroft,McIlveen,sY6.U8m089aH
lstolliof@dot.gov,Lenka,Stolli,"iO0}k~/8,z\(%o*C"
mgollyog@go.com,Margret,Golly,gG4(k.hx&
slippoh@bigcartel.com,Shell,Lipp,nC0~\G2/_wZ2d0>
mlambirthoi@wix.com,Marleah,Lambirth,wI0|}.9uw$(@>/PT
sderricoatoj@typepad.com,Suzanne,Derricoat,bI0/`p!L
obassilok@angelfire.com,Orton,Bassil,rH6@LD8<O
mbrittenol@ning.com,Maddalena,Britten,"vX6""iS968<=5k<1"
roxbieom@sina.com.cn,Rayna,Oxbie,"xY0'}h""@o1/w"
kpepyson@cafepress.com,Konrad,Pepys,eV0'(0qxs
mcharnleyoo@un.org,Meriel,Charnley,zN5.Ckc{X$j$R
ewoodburneop@nyu.edu,Etta,Woodburne,xY3\aKjbJ`*9
ogheorghescuoq@loc.gov,Orlando,Gheorghescu,"tH4.Mn6/y@C"">l|"
fsutlieffor@twitter.com,Ferdinand,Sutlieff,cY8{WPd85
mfranzettios@sun.com,Marena,Franzetti,"rL9""SnuY40O)G4B"
apiechaot@fda.gov,Agretha,Piecha,"gM1+S_#{NPB5,"
nrymourou@twitpic.com,Nora,Rymour,"nV8>(WI"")rg"
oforderov@bizjournals.com,Orlando,Forder,"kC9.97}Y}_{5,F"
pplayfairow@loc.gov,Perkin,Playfair,cK1)PIQMrk8
wfossickox@google.ru,Wilow,Fossick,"nU6>vHMa,(v{,"
amapesoy@unesco.org,Auberta,Mapes,"zA0'(HA6S<.Ld""#V"
apeileoz@google.co.jp,Alberik,Peile,"nU9*,EIAJY<u"
cmcmanamanp0@naver.com,Carlyn,Mcmanaman,"wM7{""Psg"
wgaffeyp1@123-reg.co.uk,Web,Gaffey,bA8>m09za}Hr
nsendsp2@taobao.com,Nicki,Sends,yR7.B%}wX
gtempertonp3@ow.ly,Graeme,Temperton,wL1~|g/hQ?Tx
hjoretp4@reverbnation.com,Horst,Joret,nG6*Nze{TYs
cmacilhaggap5@ovh.net,Correna,MacIlhagga,vX0!{>KZ&ed
kjakelp6@freewebs.com,Kingston,Jakel,oJ0*Bk1k.qc
gdyshartp7@usda.gov,Gratiana,Dyshart,yQ5|5QE0
helcockp8@yelp.com,Hansiain,Elcock,cS9'@@52
gdonnellyp9@miibeian.gov.cn,Gwynne,Donnelly,gD4+AH1C/f.TgCs
rjosephspa@oaic.gov.au,Rebekkah,Josephs,"mT9/tSS""S~hf&)"
sbeaneypb@wired.com,Susy,Beaney,aP5_7h~aeY
pgundapc@drupal.org,Pammy,Gunda,kG8*i~>Ds!dBAvF*
jpieruccipd@discuz.net,Janeva,Pierucci,"nV1&""P9t&B("
jcrozierpe@geocities.com,Jessamyn,Crozier,gW0#b5nX(>v!
shintzerpf@woothemes.com,Shelia,Hintzer,iE2/b7$oJ1\
hspringellpg@istockphoto.com,Hazlett,Springell,fF2(q3\A
bberesfordph@skype.com,Bonnie,Beresford,cK0|#4LP3
sbyshpi@webs.com,Shaina,Bysh,"qR2.=?$$c""8?HOX"
eheelispj@skype.com,El,Heelis,"zV4.Ns!)""4"
dstuckespk@i2i.jp,Dwain,Stuckes,cZ5?Es=i|ITkG
smundeepl@youtu.be,Sloan,Mundee,jG5?L2'kO5w3#HZ
vsapshedpm@zdnet.com,Verne,Sapshed,aN7+3ck'ZhfE5jI
osherlandpn@alexa.com,Ortensia,Sherland,jW3+6Hv<I*
probertopo@angelfire.com,Port,Roberto,"hV6}e*w&~nt1*,LV"
tdorepp@home.pl,Temp,Dore,eX7?hsse4
mbjerkanpq@edublogs.org,Mel,Bjerkan,"hZ8?T,2XvwP"
cmcgrawpr@ox.ac.uk,Cloris,McGraw,eD2(b?8<WYT
nrichardinps@scientificamerican.com,Noemi,Richardin,tZ9\O$(Q
tliggonspt@nydailynews.com,Timmie,Liggons,zG9/LP1/2y3#k
mseviourpu@berkeley.edu,Mabel,Seviour,oO8=!3K@C\}wyi
lolssonpv@mit.edu,Laurene,Olsson,hK5%rrp*o_<`a$
fdilnotpw@google.com.br,Frederigo,Dilnot,aN9|(1ZslPId
cponsfordpx@indiatimes.com,Chev,Ponsford,qT3*yQdo
tregelouspy@behance.net,Thorsten,Regelous,"zL7%Fq,M{J(L"
dstallenpz@nydailynews.com,Darby,Stallen,"wB7""E_tr.6ffj=la"
dmacksteadq0@dion.ne.jp,Dom,Mackstead,rT2%iGzToUwIP5
celeyq1@1688.com,Catrina,Eley,nR2!Rj4T|K\C
hbonnetq2@alexa.com,Hope,Bonnet,aI7$+4~@'\q%/0q
dgavozziq3@addtoany.com,Daphene,Gavozzi,nI2`zy&Km{dJO$*
ckeoghaneq4@cpanel.net,Celestine,Keoghane,rB0/g4%%`3%
bmcconaghyq5@multiply.com,Benedicta,McConaghy,"yE4%pEzOB"""
bkynettq6@dot.gov,Bryon,Kynett,lJ3`5JCjP&<Z?
falmonq7@pcworld.com,Fidelia,Almon,yL6\#hnAbt}
mshallowq8@bluehost.com,Moina,Shallow,"iQ6,kzQ@YM1qa@"
sgelemanq9@businessinsider.com,Sheeree,Geleman,mP0+~>H2c}{Zv
acorrqa@census.gov,Alyss,Corr,"eK4/7V.,*#"
mwivellqb@spiegel.de,Mohandas,Wivell,iL2_N5ZrZYJ
sdeyeqc@indiegogo.com,Selene,d' Eye,zU4~|314JAT`
mbinesqd@reference.com,Maxy,Bines,"aF0""M>{Y3a`|0"
knieselqe@bigcartel.com,Kandy,Niesel,"bE2""|<E%"
lmacneachtainqf@admin.ch,Lindsey,MacNeachtain,cK0_zr?j`8
efardoeqg@cpanel.net,Elsbeth,Fardoe,iV1&t\_SvPqBr
mmaffezzoliqh@1und1.de,Moore,Maffezzoli,kT1*F7{aAP
abennionqi@scientificamerican.com,Amalea,Bennion,xF2$Tzy=S0`j7
ltebbothqj@bing.com,Libbi,Tebboth,bX1/.hF2BahSC
mblundenqk@bluehost.com,Mersey,Blunden,dN0(+?@7C*e(
vbaudacciql@slashdot.org,Vitia,Baudacci,"nN9""GSLD@9""x>"
mpresideyqm@themeforest.net,Maximilian,Presidey,jS2*Yjt`
pfeathersqn@blogspot.com,Prentiss,Feathers,lC6*k&R5OCU
jlambshineqo@gmpg.org,Josephine,Lambshine,pP4*wql'A
sbahikeqp@qq.com,Skippy,Bahike,kX8%1mM0
okrebsqq@soup.io,Obed,Krebs,"nC9(B@8,NBS"
gpahlssonqr@newyorker.com,Gordie,Pahlsson,zF0}L7_'UO
eburdikinqs@reddit.com,Ethyl,Burdikin,uW8*aW}N
sleupoldtqt@va.gov,Shandra,Leupoldt,fM6(&BEEZN`tUOJ
clovickqu@issuu.com,Catlaina,Lovick,rH6&i4yMR+Q$o
gfulleyloveqv@google.co.uk,Garrek,Fulleylove,"eB1=,|ZlK'"
ewastlingqw@artisteer.com,Elwood,Wastling,hM8!BNIhJ'h1yKCG
clorraineqx@moonfruit.com,Christian,Lorraine,uS7%#10JnKFi9
ajouandetqy@youku.com,Alwyn,Jouandet,"kM3""wjFDM*=!%1Sa"
tlesslieqz@newyorker.com,Tori,Lesslie,"eV8}Elc(JQI1,"
mwhitseyr0@wix.com,Morgen,Whitsey,"sN2*T,Rbf|Q8"
mganifordr1@github.com,Melicent,Ganiford,"hA8#g2A?,Ah'5TmL"
magater2@cbc.ca,Miner,Agate,kF6~%O`zeh%`y#5
sbruyettr3@ameblo.jp,Salli,Bruyett,oM5*T@}ae56
vsawnwyr4@seesaa.net,Vanny,Sawnwy,yL1|PudXe7T7q
kmccomiskeyr5@sakura.ne.jp,Kleon,McComiskey,bA3{jJ2u20
evelezr6@infoseek.co.jp,Em,Velez,gJ5&oIMp'L
cschruyersr7@wunderground.com,Carmelia,Schruyers,yD9)XZUa<
rdecrucer8@microsoft.com,Robbin,De Cruce,"xK5\CRGwV""fcW?"
mbuckenhillr9@deviantart.com,Murielle,Buckenhill,cT5|UsHfK1KB
leglinra@umich.edu,Lazaro,Eglin,fE3#0IFi
dburchettrb@acquirethisname.com,Denni,Burchett,tO7@XX8XCYw~9B`
jbaddeleyrc@usda.gov,Jens,Baddeley,gO1/h+8Vz
kmerrimanrd@plala.or.jp,Kalil,Merriman,uO8=#WfDjCcHK
beustonre@examiner.com,Berri,Euston,"zZ4<fiE!vJ!+""L#9"
kcardorf@dyndns.org,Kilian,Cardo,"gW8&c=""w}T"
kfreeburyrg@unblog.fr,Kaia,Freebury,tR9~8oMeD
cspilemanrh@unc.edu,Cynthy,Spileman,"aJ6!,58A7#"
ggeistbeckri@seattletimes.com,Griffith,Geistbeck,rR3}TAAW4TiX/r+x
akinsmanrj@nymag.com,Amalie,Kinsman,"bN8#Z)T+,fNI"
ggillerrk@amazon.co.uk,Gerhard,Giller,gH6$$ot?|C<39W
cmcquierl@yandex.ru,Cherish,McQuie,gH2#'GLIi'kz2Ck
gdraaismarm@php.net,Gavan,Draaisma,"cZ7<|J=?`$m~,u"
dvarrowrn@blogspot.com,Duky,Varrow,pU6`cqW<'8U)O}+V
eallensonro@sphinn.com,Evaleen,Allenson,sR4'Z#/_6!F%Hs
jspratleyrp@ning.com,Jacky,Spratley,rP5+@{3v<k
glocheadrq@multiply.com,Giselbert,Lochead,iS5{WaIUz
lchilcotterr@marriott.com,Lillis,Chilcotte,xJ5<x+tR\j5G)ADo
